team,season,receiving_td,touchdown,extra_point_attempt,field_goal_attempt,pass_td,run_td,yps,yards_gained,air_yards,passing_yards,receiving_yards,yards_after_catch,rushing_yards,pass_attempts,complete_pass,incomplete_pass,interception,receptions
ARI,2012,17,28,25,25,17,11,7.5,7595,4862,3383,3383,1363,1207,586,337,249,21,337
ARI,2013,25,37,37,30,25,12,9.66,9855,5284,4291,4291,1756,1560,551,363,188,22,363
ARI,2014,22,28,27,29,22,6,9.29,9128,6028,3990,3990,1604,1326,556,320,236,12,320
ARI,2015,36,53,53,28,36,16,11.28,11337,6084,4775,4775,1782,1946,543,353,190,13,353
ARI,2016,30,51,43,21,30,21,9.54,10302,6204,4425,4425,1747,1739,626,383,243,17,383
ARI,2017,25,31,23,32,25,6,8.62,9021,5807,3979,3979,1457,1400,579,339,240,18,339
ARI,2018,19,28,23,12,19,9,7.55,6761,3979,2884,2884,1254,1350,476,283,193,18,283
ARI,2019,23,43,34,31,23,18,9.4,9287,4195,3797,3797,1880,2007,538,355,183,12,355
ARI,2020,30,52,45,23,30,22,9.62,10275,4460,4102,4102,1870,2257,554,387,167,13,387
ARI,2021,28,52,47,31,28,23,9.87,10975,4413,4619,4603,2263,2096,580,415,165,11,415
ARI,2022,19,34,24,28,19,15,8.3,9482,4604,3966,3966,2058,1880,643,433,210,17,433
ARI,2023,21,38,22,28,21,17,8.36,8954,4186,3430,3430,1669,2374,542,355,187,12,355
ATL,2012,33,45,44,33,33,12,10.53,10639,5004,4719,4719,2061,1411,601,422,179,14,422
ATL,2013,30,41,39,24,30,11,9.91,10064,4482,4549,4548,2132,1263,640,444,196,17,444
ATL,2014,33,44,40,29,33,11,10.52,10815,4896,4758,4758,2099,1502,612,418,194,15,418
ATL,2015,22,37,34,25,22,14,9.98,10604,4788,4602,4602,1856,1621,604,410,194,17,410
ATL,2016,40,60,56,34,40,20,11.77,11630,4637,4960,4960,2267,1941,530,374,156,7,374
ATL,2017,23,36,35,34,23,13,10.28,9993,4770,4146,4146,1861,1857,515,343,172,12,343
ATL,2018,39,50,41,25,39,11,11.1,11186,5270,4949,4949,2145,1580,609,428,181,7,428
ATL,2019,32,42,29,32,32,10,10.22,11140,5535,5049,5049,1899,1373,666,459,207,15,459
ATL,2020,27,40,34,38,27,13,9.85,10529,5417,4620,4620,1644,1544,616,408,208,11,408
ATL,2021,23,35,30,27,23,11,9.18,9164,4143,3987,3988,1733,1461,557,377,180,15,377
ATL,2022,17,35,33,32,17,17,8.36,8360,4033,2927,2927,1240,2728,402,257,145,9,257
ATL,2023,18,32,27,32,18,14,8.75,9471,4344,3775,3775,1769,2168,509,327,182,17,327
BAL,2012,25,44,42,30,25,17,9.38,9653,5498,3996,3996,1624,1916,549,334,215,11,334
BAL,2013,23,32,26,38,23,8,8.15,8839,5781,3914,3908,1751,1335,595,363,232,23,363
BAL,2014,27,44,42,29,27,16,9.83,9844,4623,3986,3986,1751,2037,536,344,192,12,344
BAL,2015,25,34,29,33,25,9,9.45,10193,5083,4449,4439,2128,1481,649,426,223,21,426
BAL,2016,20,31,27,38,20,10,9.33,9925,5042,4343,4343,2090,1476,656,439,217,16,439
BAL,2017,22,38,39,34,22,15,7.84,8140,3842,3235,3235,1506,1873,551,363,188,13,363
BAL,2018,19,38,36,35,19,19,8.73,9742,4803,3708,3718,1563,2458,544,334,210,9,334
BAL,2019,37,59,57,28,37,21,9.5,9901,3822,3350,3350,1447,3313,430,289,141,8,289
BAL,2020,29,54,52,26,29,24,8.93,8746,3521,2919,2919,1272,3083,392,257,135,11,257
BAL,2021,24,43,32,35,24,19,9.11,10719,5242,4267,4267,1712,2487,586,396,190,18,396
BAL,2022,20,35,31,37,20,14,8.73,8987,4014,3202,3202,1370,2741,470,300,170,13,300
BAL,2023,28,55,51,32,28,26,9.58,10194,4089,3881,3881,1827,2674,486,328,158,7,328
BUF,2012,26,41,39,21,26,12,9.18,8924,3972,3430,3430,1805,2225,492,309,183,17,309
BUF,2013,19,35,32,33,19,15,8.02,8818,4506,3373,3373,1508,2338,506,299,207,15,299
BUF,2014,25,33,31,34,25,7,8.91,8979,4173,3856,3863,2084,1498,563,363,200,13,363
BUF,2015,25,44,34,23,25,19,9.37,9399,4737,3600,3600,1290,2452,455,295,160,9,295
BUF,2016,17,47,40,19,17,29,8.84,8909,4480,3250,3228,1168,2637,465,286,179,7,286
BUF,2017,18,30,29,29,18,12,7.96,7903,4128,3065,3065,1303,2034,464,288,176,10,288
BUF,2018,19,34,25,22,19,15,7.8,7811,4943,3052,3052,1354,1993,475,270,205,23,270
BUF,2019,22,37,30,22,22,13,8.74,8778,4686,3476,3476,1503,2067,497,299,198,12,299
BUF,2020,40,56,57,28,40,16,11.08,11155,5133,4786,4786,1946,1749,585,410,175,11,410
BUF,2021,36,57,51,28,36,20,9.75,10973,5355,4450,4450,1752,2229,639,415,224,16,415
BUF,2022,35,53,48,27,35,16,10.5,10685,5286,4291,4291,1593,2261,559,361,198,14,361
BUF,2023,29,52,49,24,29,22,9.78,10698,5021,4306,4306,1973,2234,559,385,174,18,385
CAR,2012,22,45,43,16,22,22,9.94,9703,4562,3927,3920,1740,2074,476,284,192,12,284
CAR,2013,24,38,42,24,24,14,8.63,8465,4238,3379,3379,1613,2043,457,292,165,13,292
CAR,2014,24,37,34,29,24,10,8.92,9377,5321,3828,3820,1419,2036,530,327,203,12,327
CAR,2015,35,57,56,30,35,21,9.38,9761,5180,3873,3873,1494,2299,489,300,189,10,300
CAR,2016,25,42,31,30,25,16,9.02,9465,5711,3962,3957,1466,1819,541,306,235,19,306
CAR,2017,23,40,34,29,23,16,8.45,8525,4248,3319,3319,1623,2127,483,293,190,16,293
CAR,2018,29,47,37,19,29,17,10.08,10063,4161,4071,4071,2053,2152,543,378,165,16,378
CAR,2019,18,41,31,25,18,20,8.96,9610,5311,4134,4134,2026,1824,610,382,228,21,382
CAR,2020,16,37,33,29,16,19,9.91,9728,4118,4129,4123,2025,1715,532,373,159,16,373
CAR,2021,16,34,26,26,16,17,7.89,8673,4425,3573,3573,1823,1855,577,348,229,21,348
CAR,2022,18,35,30,33,18,17,8.69,8440,3323,3246,3226,1714,2216,441,267,174,13,267
CAR,2023,17,25,17,25,17,8,7.1,7765,4482,3245,3245,1439,1773,575,350,225,10,350
CHI,2012,23,35,40,28,23,11,8.44,8287,4830,3298,3298,1231,1988,469,287,182,16,287
CHI,2013,39,52,45,26,39,13,10.54,10578,5030,4450,4450,1763,1837,562,373,189,13,373
CHI,2014,32,42,33,12,32,8,9.32,9291,4474,4035,4035,2161,1454,590,396,194,19,396
CHI,2015,25,39,28,33,25,13,9.17,9367,4327,3843,3843,1841,1860,510,334,176,12,334
CHI,2016,21,32,31,18,21,10,10.28,9850,5153,4139,4139,1654,1742,538,347,191,19,347
CHI,2017,14,29,26,16,14,14,8.27,7694,3487,3085,3086,1351,1795,460,291,169,12,291
CHI,2018,29,46,42,23,29,16,9.28,9275,4502,3747,3747,1586,1956,497,344,153,14,344
CHI,2019,20,29,27,23,20,8,8.23,8330,4537,3573,3573,1538,1464,565,371,194,12,371
CHI,2020,28,41,36,30,28,12,8.94,9242,4870,3925,3925,1720,1658,596,402,194,16,402
CHI,2021,18,33,27,26,18,14,8.32,8879,4485,3635,3635,1609,2028,519,332,187,20,332
CHI,2022,21,40,27,25,21,18,7.95,7834,3426,2598,2589,1141,3024,361,223,138,15,223
CHI,2023,23,40,31,35,23,16,8.21,8937,3775,3421,3421,1722,2418,498,321,177,15,321
CIN,2012,32,43,43,30,32,11,9.19,9147,4681,3807,3807,1695,1762,521,335,186,16,335
CIN,2013,35,51,52,18,35,15,9.49,10224,5023,4318,4318,2080,1770,566,364,202,20,364
CIN,2014,22,43,39,26,22,19,9.08,9136,3887,3551,3551,1812,2162,486,323,163,17,323
CIN,2015,33,52,48,23,33,19,9.97,9852,4432,4104,4104,1803,1823,496,334,162,9,334
CIN,2016,18,35,29,28,18,17,9.55,9925,4416,4206,4206,1820,1777,553,364,189,8,364
CIN,2017,26,33,32,18,26,6,8.68,7884,4169,3386,3378,1753,1384,497,304,193,12,304
CIN,2018,28,42,39,19,28,13,9.16,8549,4359,3569,3569,1648,1688,526,331,195,13,331
CIN,2019,23,33,24,27,23,9,8.85,9179,5022,3994,3994,1753,1529,593,356,237,16,356
CIN,2020,20,35,32,27,20,14,8.66,8917,4731,3793,3793,1788,1676,567,372,195,11,372
CIN,2021,38,55,47,29,38,17,10.57,10964,4395,4806,4806,2416,1753,538,384,154,14,384
CIN,2022,37,51,40,24,37,14,9.98,10318,4173,4520,4520,2147,1552,597,418,179,12,418
CIN,2023,28,40,40,26,28,12,9.4,9697,3878,4257,4257,2368,1543,600,420,180,14,420
CLE,2012,18,31,29,29,18,12,8.77,8694,4258,3668,3659,1859,1600,547,328,219,18,328
CLE,2013,29,34,33,21,29,4,9.15,9808,5651,4372,4372,1975,1387,659,379,280,20,379
CLE,2014,12,30,30,25,12,18,8.83,8877,5030,3678,3678,1544,1734,485,274,211,16,274
CLE,2015,22,29,22,29,22,5,9.12,9477,4871,4156,4156,1953,1535,596,371,225,12,371
CLE,2016,17,30,23,21,17,13,8.83,8675,4852,3693,3693,1694,1714,551,338,213,14,338
CLE,2017,19,31,25,15,19,11,8.44,8484,5188,3537,3537,1743,1717,545,312,233,28,312
CLE,2018,31,46,28,19,31,15,10.02,10181,5450,4261,4261,1913,1905,553,353,200,17,353
CLE,2019,23,39,30,25,23,16,9.63,9308,4628,3847,3847,1825,1907,516,318,198,21,318
CLE,2020,28,49,43,19,28,21,9.59,9631,4238,3701,3701,1405,2387,488,315,173,8,315
CLE,2021,22,42,37,16,22,20,9.03,9415,4278,3619,3606,1755,2483,503,320,183,14,320
CLE,2022,19,38,35,24,19,19,8.79,9655,4453,3710,3710,1593,2499,523,335,188,12,335
CLE,2023,29,44,30,34,29,15,8.25,9744,5299,4011,4011,1853,2028,597,355,242,23,355
DAL,2012,32,42,37,29,32,8,10.63,11014,5782,4992,4992,1976,1287,636,434,202,19,434
DAL,2013,33,46,47,28,33,12,10.21,9695,4673,4226,4226,2007,1513,573,375,198,12,375
DAL,2014,38,56,56,25,38,17,10.17,10161,4275,4008,4008,1787,2369,464,328,136,11,328
DAL,2015,21,29,25,30,21,8,9.43,9048,4052,3677,3677,1769,1898,504,334,170,22,334
DAL,2016,25,49,46,27,25,24,9.91,9849,3877,3799,3799,1645,2419,475,325,150,6,325
DAL,2017,27,45,36,22,27,18,8.64,8627,3943,3326,3308,1346,2178,478,309,169,13,309
DAL,2018,23,36,32,29,23,13,9.33,9404,3984,3885,3885,1892,1979,519,356,163,8,356
DAL,2019,30,48,46,30,30,18,11.14,11820,5613,4902,4902,1880,2163,585,388,197,11,388
DAL,2020,28,43,33,34,28,14,9.43,10473,4748,4511,4511,2060,1793,623,413,210,13,413
DAL,2021,42,58,47,29,42,15,10.41,11903,5093,4963,4949,2255,2127,636,444,192,11,444
DAL,2022,31,55,50,29,31,24,9.05,9959,4470,3911,3911,1667,2312,537,355,182,18,355
DAL,2023,37,51,49,36,37,14,9.97,11005,4794,4660,4660,2043,1940,604,428,176,10,428
DEN,2012,39,52,55,26,39,12,10.39,11065,4885,4671,4664,1875,1865,574,402,172,11,402
DEN,2013,57,74,75,25,57,16,11.41,12913,5263,5572,5572,2652,1897,664,461,203,10,461
DEN,2014,41,58,56,24,41,16,10.75,11249,5121,4779,4779,1912,1805,590,399,191,15,399
DEN,2015,22,35,35,30,22,13,9.47,9913,5534,4216,4216,1852,1727,582,368,214,23,368
DEN,2016,21,32,32,29,21,11,9.04,9103,5004,3914,3914,1576,1502,558,339,219,11,339
DEN,2017,22,32,27,24,22,9,8.3,8869,4749,3668,3668,1627,1864,542,332,210,22,332
DEN,2018,19,39,35,20,19,19,9.47,9539,4396,3930,3928,1806,1916,571,367,204,15,367
DEN,2019,17,30,25,29,17,11,8.68,8192,3522,3401,3401,1701,1674,493,312,181,10,312
DEN,2020,24,37,25,28,24,13,8.88,9063,5023,3673,3673,1628,1935,531,317,214,23,317
DEN,2021,21,39,33,26,21,18,9.19,9482,4562,3856,3856,1734,2031,531,354,177,9,354
DEN,2022,20,32,25,28,20,12,8.92,9545,4998,4007,4007,1987,1944,555,345,210,15,345
DEN,2023,29,39,29,30,29,8,8.65,8667,3753,3566,3566,2067,1831,500,337,163,9,337
DET,2012,28,47,38,32,28,17,10.14,11685,6458,5139,5139,2095,1617,718,445,273,17,445
DET,2013,33,49,42,19,33,15,10.02,10943,5240,4650,4650,2270,1807,612,371,241,19,371
DET,2014,22,34,32,25,22,11,9.51,9756,4819,4284,4284,2236,1440,589,365,224,12,365
DET,2015,34,41,36,22,34,7,9.82,10026,4132,4463,4463,2495,1351,618,420,198,14,420
DET,2016,25,34,31,31,25,9,10.04,9759,4421,4327,4327,2227,1319,581,388,193,10,388
DET,2017,34,44,40,30,34,10,10.13,9887,4561,4470,4470,2123,1230,559,374,185,11,374
DET,2018,24,37,30,28,24,12,8.96,9090,3978,3844,3844,2059,1670,561,375,186,12,375
DET,2019,29,38,35,26,29,8,9.64,9745,5458,4187,4187,1514,1658,552,344,208,15,344
DET,2020,30,47,38,21,30,17,10.19,10011,4985,4397,4397,1884,1506,561,374,187,13,374
DET,2021,25,37,27,26,25,12,8.87,9369,3785,3884,3874,2081,1887,574,396,178,14,396
DET,2022,32,55,47,24,32,23,10.09,10912,4135,4444,4430,2271,2193,580,383,197,7,383
DET,2023,33,60,48,19,33,27,10.15,11342,4086,4606,4606,2156,2331,590,408,182,12,408
GB,2012,40,50,50,21,40,9,9.86,10115,4516,4342,4342,2086,1722,547,374,173,8,374
GB,2013,29,47,42,33,29,18,10.33,10957,4343,4538,4538,2232,2151,551,366,185,16,366
GB,2014,38,54,53,27,38,15,10.84,10649,4325,4447,4447,2092,1941,530,349,181,6,349
GB,2015,34,43,36,24,34,9,8.82,9224,4633,3825,3853,1980,1865,564,348,216,8,348
GB,2016,41,52,44,26,41,11,10.23,10368,5386,4445,4445,2043,1720,610,403,207,8,403
GB,2017,27,40,33,15,27,13,8.49,8433,4081,3532,3532,1909,1732,543,352,191,18,352
GB,2018,26,40,34,30,26,14,10.33,10546,5668,4629,4629,2197,1673,633,392,241,4,392
GB,2019,26,44,40,22,26,18,9.59,9577,5016,4017,4017,2034,1821,568,356,212,4,356
GB,2020,49,67,59,16,49,16,10.89,10544,4135,4299,4299,2248,2135,518,372,146,5,372
GB,2021,39,53,49,25,39,13,10.23,10763,4572,4526,4526,2422,1920,583,402,181,7,402
GB,2022,28,42,37,25,28,12,9.33,9662,4478,3890,3896,2016,2130,548,364,184,12,364
GB,2023,32,43,34,27,32,10,9.7,10101,4941,4210,4210,1925,1919,568,374,194,11,374
HOU,2012,22,42,45,31,22,19,9.34,10020,4415,4046,4046,1787,2144,541,354,187,13,354
HOU,2013,25,34,26,26,25,7,8.97,9742,5156,4183,4183,1652,1744,608,371,237,22,371
HOU,2014,24,36,40,30,24,12,8.64,8994,3988,3460,3460,1543,2182,469,295,174,13,295
HOU,2015,31,39,32,23,31,8,8.73,9671,5939,4079,4079,1356,1755,606,358,248,12,358
HOU,2016,16,25,22,35,16,8,8.04,8485,4974,3418,3432,1388,1874,564,347,217,16,347
HOU,2017,31,40,32,20,31,8,8.56,8769,5204,3644,3644,1410,1845,505,299,206,17,299
HOU,2018,26,38,39,37,26,12,9.73,9977,4336,4165,4165,1753,2031,491,345,146,9,345
HOU,2019,28,45,40,20,28,17,9.84,9888,4742,4083,4083,1808,2020,518,355,163,14,355
HOU,2020,34,44,37,27,34,10,11.63,10837,4862,4843,4821,1956,1476,537,383,154,7,383
HOU,2021,21,30,25,21,21,8,8.32,8365,3997,3630,3630,1723,1426,528,354,174,15,354
HOU,2022,26,36,24,29,26,9,8.38,8473,4358,3642,3642,1842,1485,559,352,207,19,352
HOU,2023,28,40,31,34,28,10,9.65,10404,5180,4578,4578,1982,1641,578,372,206,8,372
IND,2012,26,40,37,26,26,11,9.4,10190,6385,4374,4374,1656,1686,602,339,263,18,339
IND,2013,25,41,34,35,25,15,9.33,9443,4739,3952,3952,1986,1758,572,350,222,10,350
IND,2014,46,56,50,30,46,10,10.66,11586,5805,5062,5062,2391,1630,645,410,235,16,410
IND,2015,27,36,32,25,27,6,8.8,9093,5285,3928,3928,1647,1459,598,355,243,19,355
IND,2016,35,49,44,27,35,13,10.16,10346,4849,4491,4494,1803,1646,565,370,195,15,370
IND,2017,19,30,22,29,19,11,7.93,7790,3678,3226,3226,1646,1672,475,285,190,9,285
IND,2018,42,56,44,23,42,14,10.3,10805,4856,4595,4595,1976,1741,627,432,195,15,432
IND,2019,24,43,33,23,24,18,8.56,8570,4125,3314,3314,1676,2144,500,307,193,10,307
IND,2020,25,47,43,32,25,21,10.15,10257,3961,4186,4186,2249,2014,538,371,167,11,371
IND,2021,28,50,46,29,28,22,9.1,9497,4006,3588,3578,1647,2554,513,324,189,8,324
IND,2022,22,30,23,32,22,8,8.33,9163,3837,3855,3854,1791,1874,583,398,185,20,398
IND,2023,19,38,35,33,19,19,8.86,9630,4255,3882,3882,1863,2074,564,355,209,10,355
JAX,2012,25,33,18,25,25,5,8.61,8545,4996,3746,3746,1544,1374,566,328,238,17,328
JAX,2013,20,27,22,23,20,7,8.3,8455,3911,3751,3751,2078,1263,570,349,221,21,349
JAX,2014,20,30,23,20,20,9,8.19,8090,4046,3451,3451,1866,1636,538,325,213,18,325
JAX,2015,39,47,32,26,39,8,9.94,10017,5586,4428,4428,1841,1479,586,355,231,18,355
JAX,2016,27,37,29,27,27,8,8.87,9295,5155,3925,3925,1848,1638,610,369,241,16,369
JAX,2017,22,41,37,30,22,18,8.99,9593,4058,3716,3716,1932,2278,513,316,197,13,316
JAX,2018,16,23,22,23,16,7,8.25,8261,3777,3431,3423,1825,1729,523,329,194,13,329
JAX,2019,26,29,19,33,26,3,9.36,9510,4470,4023,4022,1892,1720,580,364,216,8,364
JAX,2020,25,34,24,18,25,9,9.17,9183,4847,3955,3955,1707,1523,597,387,210,16,387
JAX,2021,14,30,18,21,14,14,8.67,8878,4759,3674,3674,1639,1764,584,361,223,17,361
JAX,2022,25,41,36,30,25,16,9.61,10247,4353,4148,4151,2040,2129,585,394,191,9,394
JAX,2023,23,40,35,30,23,17,9.23,10174,4981,4377,4377,1945,1665,606,412,194,14,412
KC,2012,13,24,17,28,13,9,8.02,8050,3919,2937,2937,1261,2400,448,273,175,20,273
KC,2013,24,44,52,22,24,17,8.92,8973,3555,3561,3561,1904,2072,534,333,201,8,333
KC,2014,19,38,38,25,19,18,8.93,8533,2898,3428,3428,1894,1923,487,320,167,6,320
KC,2015,21,41,39,30,21,20,9.32,8810,3167,3493,3493,1936,2058,466,310,156,7,310
KC,2016,20,36,36,31,20,15,9.72,9437,3732,3914,3925,2076,1768,537,365,172,8,365
KC,2017,26,39,40,41,26,13,10.59,10345,4202,4326,4326,2134,1883,534,363,171,8,363
KC,2018,52,68,65,24,52,16,12.13,11950,5273,5126,5126,2628,1867,570,385,185,12,385
KC,2019,30,48,45,34,30,17,11.19,10752,4915,4690,4667,2211,1585,570,378,192,5,378
KC,2020,40,54,48,25,40,13,11.21,11684,5096,5005,5005,2455,1807,622,420,202,7,420
KC,2021,38,54,50,28,38,16,10.48,11696,4961,4937,4928,2719,1975,662,448,214,13,448
KC,2022,41,59,50,24,41,18,11.34,12301,4712,5250,5250,2827,1983,639,435,204,12,435
KC,2023,30,40,38,33,30,10,9.83,10375,4095,4383,4376,2673,1810,616,421,195,17,421
LA,2012,25,30,26,23,25,5,9.18,9065,4584,3783,3779,1540,1726,536,332,204,14,332
LA,2013,27,37,34,26,27,10,8.63,8257,3976,3360,3360,1645,1766,494,301,193,11,301
LA,2014,28,40,34,24,28,11,9.23,8742,4232,3695,3695,1729,1645,497,327,170,16,327
LA,2015,14,31,27,21,14,16,8.51,7708,3807,2931,2931,1565,1970,460,273,187,11,273
LA,2016,20,29,23,19,20,9,7.92,7526,3907,3313,3313,1624,1262,515,312,203,20,312
LA,2017,29,48,48,40,29,18,10.04,9826,4054,4023,4019,2099,1976,509,320,189,7,320
LA,2018,33,56,51,34,33,23,11.03,11505,4906,4730,4730,2165,2258,554,368,186,12,368
LA,2019,26,47,42,24,26,20,10.21,10682,4869,4669,4669,2270,1512,614,397,217,17,397
LA,2020,22,43,38,24,22,20,9.56,10230,3937,4183,4179,2241,2035,574,392,182,14,392
LA,2021,45,56,48,32,45,11,10.77,11241,5134,4893,4893,2137,1702,589,406,183,18,406
LA,2022,19,35,31,28,19,15,8.4,8290,3712,3506,3506,1794,1676,514,347,167,15,347
LA,2023,27,47,32,32,27,18,9.56,10425,4507,4300,4298,2044,2056,567,361,206,13,361
LAC,2012,29,35,39,25,29,4,8.56,8371,3967,3606,3606,1796,1470,511,338,173,15,338
LAC,2013,34,44,42,35,34,10,10.26,10804,4218,4478,4505,2104,1971,532,378,154,11,378
LAC,2014,33,39,40,22,33,6,9.72,9764,4901,4296,4296,1927,1370,555,380,175,18,380
LAC,2015,35,39,28,26,35,4,9.87,10817,4838,4855,4855,2622,1367,653,442,211,13,442
LAC,2016,37,48,42,26,37,10,10.0,10100,4913,4386,4386,2020,1516,558,349,209,21,349
LAC,2017,29,40,37,20,29,11,10.57,10597,4780,4551,4551,2150,1615,570,366,204,11,366
LAC,2018,34,52,36,24,34,16,10.97,10304,3959,4316,4316,2130,1887,500,348,152,12,348
LAC,2019,26,39,35,26,26,13,10.67,10536,5079,4648,4648,2173,1460,574,394,180,20,394
LAC,2020,31,46,36,25,31,12,9.56,10674,4723,4548,4548,2299,1793,613,413,200,10,413
LAC,2021,41,60,40,24,41,18,10.4,11677,5093,5014,5014,2392,1849,658,443,215,15,443
LAC,2022,27,42,40,31,27,15,9.59,10907,4521,4791,4777,2538,1542,699,485,214,10,485
LAC,2023,27,38,35,31,27,11,9.04,9909,4733,4312,4295,2160,1658,623,409,214,8,409
LV,2012,26,30,25,31,26,4,9.54,9803,5300,4292,4292,2027,1423,609,376,233,16,376
LV,2013,20,39,37,21,20,16,9.05,8971,4185,3629,3623,1723,2008,498,298,200,20,298
LV,2014,25,31,28,19,25,5,8.11,7976,4949,3456,3456,1544,1245,607,365,242,16,365
LV,2015,37,44,38,21,37,7,9.51,9491,4743,4129,4141,1861,1469,590,373,217,14,373
LV,2016,29,47,37,29,29,17,9.82,10149,4594,4137,4137,1885,1953,587,379,208,7,379
LV,2017,26,39,33,16,26,13,9.5,8966,4655,3761,3767,1692,1564,544,347,197,14,347
LV,2018,22,32,27,27,22,9,9.66,9450,3785,4057,4057,1995,1640,539,382,157,10,382
LV,2019,25,38,34,19,25,13,10.12,9927,3468,4110,4101,2144,1900,513,367,146,8,367
LV,2020,31,51,45,33,31,20,10.28,10528,4491,4383,4383,2056,1926,536,369,167,10,369
LV,2021,25,40,30,40,25,15,10.26,11002,5115,4808,4808,2291,1627,611,429,182,14,429
LV,2022,31,43,35,34,31,12,9.71,10179,5359,4182,4182,1780,2061,569,359,210,17,359
LV,2023,21,32,32,26,21,11,8.63,8604,4283,3666,3661,1606,1559,537,348,189,18,348
MIA,2012,15,32,29,23,15,15,8.77,8430,4341,3425,3425,1271,1819,489,293,196,13,293
MIA,2013,26,34,33,26,26,8,9.08,8980,5690,3966,3966,1535,1447,571,357,214,19,357
MIA,2014,27,40,41,30,27,12,9.43,9680,4616,4066,4064,1874,1885,582,394,188,12,394
MIA,2015,26,37,33,13,26,11,9.87,9552,5154,4231,4231,1876,1506,574,365,209,12,365
MIA,2016,28,43,41,16,28,14,9.99,9047,3804,3716,3716,1796,1829,459,316,143,15,316
MIA,2017,27,32,26,21,27,4,8.83,8724,4884,3792,3792,1681,1395,580,373,207,21,373
MIA,2018,29,37,35,18,29,7,9.13,7905,3699,3309,3254,1722,1749,440,292,148,13,292
MIA,2019,24,35,29,23,24,10,8.97,9095,5463,4117,4117,1581,1168,594,371,223,18,371
MIA,2020,25,42,36,36,25,15,9.3,9385,4264,3937,3937,1654,1704,542,370,172,13,370
MIA,2021,22,34,34,23,22,12,8.45,9170,4473,3936,3936,1725,1579,599,404,195,14,404
MIA,2022,32,45,41,26,32,13,11.02,10969,5320,4765,4765,1789,1693,568,368,200,15,368
MIA,2023,34,62,58,24,34,27,11.14,11539,4306,4698,4698,2227,2327,549,393,156,15,393
MIN,2012,19,36,36,35,19,16,8.44,8343,3344,2935,2935,1610,2653,471,300,171,12,300
MIN,2013,22,48,43,26,22,23,9.11,9161,4720,3645,3645,1584,2089,527,325,202,19,325
MIN,2014,19,32,29,27,19,12,8.93,8633,3943,3566,3566,1836,1819,494,322,172,18,322
MIN,2015,14,34,33,34,14,18,8.75,8405,3273,3246,3246,1808,2229,445,294,151,9,294
MIN,2016,20,30,26,27,20,9,9.23,9179,3874,4119,4119,2030,1222,583,414,169,5,414
MIN,2017,25,41,34,32,25,15,9.35,9669,4006,3929,3929,1979,1983,519,357,162,8,357
MIN,2018,35,45,36,22,35,9,9.88,9842,4396,4298,4298,1947,1499,593,425,168,10,425
MIN,2019,26,45,40,27,26,19,9.8,9396,3535,3729,3725,1851,2146,458,319,139,8,319
MIN,2020,37,58,37,15,37,21,10.33,10579,4103,4265,4265,1936,2291,500,349,151,13,349
MIN,2021,34,48,36,33,34,10,9.88,10635,4844,4450,4450,1936,1945,592,398,194,7,398
MIN,2022,32,52,40,26,32,18,9.85,10972,5015,4818,4808,2102,1674,654,448,206,15,448
MIN,2023,31,38,36,24,31,7,9.99,10624,4929,4700,4700,1926,1563,609,424,185,19,424
NE,2012,35,61,66,29,35,25,9.91,11699,5531,4844,4844,2237,2193,629,402,227,9,402
NE,2013,26,47,44,38,26,21,9.39,10518,5288,4343,4343,2014,2084,613,380,233,11,380
NE,2014,36,49,51,35,36,13,9.63,10164,4869,4291,4291,1981,1752,600,392,208,9,392
NE,2015,38,54,52,33,38,14,10.52,10824,4935,4812,4812,2444,1425,620,404,216,7,404
NE,2016,32,51,46,27,32,19,10.28,10656,4262,4456,4456,2306,1892,547,368,179,2,368
NE,2017,34,52,45,37,34,17,10.35,10944,5356,4619,4619,1950,1903,579,389,190,8,389
NE,2018,29,48,49,27,29,18,10.19,10718,4489,4405,4405,2176,2055,561,378,183,11,378
NE,2019,29,46,39,27,29,17,9.09,9835,4651,4153,4153,1933,1717,611,378,233,9,378
NE,2020,14,34,30,26,14,20,8.65,8374,2995,3124,3124,1534,2358,424,283,141,14,283
NE,2021,28,53,42,36,28,24,9.78,10140,4288,4098,4098,1940,2179,521,364,157,13,364
NE,2022,20,33,32,32,20,13,9.34,9205,4111,3815,3815,1837,1872,524,358,166,14,358
NE,2023,21,31,24,16,21,9,7.96,8092,4094,3392,3389,1845,1634,535,351,184,21,351
NO,2012,46,56,57,18,46,10,11.19,11776,5473,5187,5187,2163,1590,649,423,226,19,423
NO,2013,41,51,48,24,41,10,10.95,11576,5206,5162,5162,2435,1496,638,446,192,12,446
NO,2014,37,53,46,19,37,16,10.68,11543,5039,4952,4952,2173,1827,636,456,180,17,456
NO,2015,34,50,44,18,34,16,10.8,11684,5208,5205,5205,2538,1507,653,460,193,12,460
NO,2016,41,60,49,29,41,18,11.08,12090,4818,5258,5258,2438,1754,652,472,180,15,472
NO,2017,24,49,47,31,24,23,10.86,10617,3418,4334,4334,2369,2092,525,386,139,8,386
NO,2018,33,60,52,28,33,27,10.37,10274,3769,4174,4174,1898,2050,512,381,131,7,381
NO,2019,36,48,48,32,36,12,10.55,10433,3742,4431,4431,2257,1758,570,418,152,6,418
NO,2020,28,58,57,23,28,30,9.75,9989,3255,3945,3945,1911,2286,512,370,142,8,370
NO,2021,32,44,31,25,32,12,8.3,8629,3741,3437,3437,1682,2006,489,293,196,13,293
NO,2022,27,40,33,23,27,13,9.61,9660,4551,3969,3969,1622,1993,496,338,158,14,338
NO,2023,30,43,40,30,30,13,9.07,9992,5016,4225,4225,1799,1769,595,406,189,11,406
NYG,2012,28,47,46,33,28,18,10.12,9670,5132,3967,3967,1406,1876,524,323,201,15,323
NYG,2013,22,38,31,23,22,13,8.99,8807,5372,3875,3875,1490,1342,538,325,213,29,325
NYG,2014,33,48,44,24,33,13,9.61,10355,5023,4470,4470,1981,1613,592,383,209,14,383
NYG,2015,39,45,44,30,39,5,10.02,10471,4709,4500,4508,2121,1618,608,392,216,14,392
NYG,2016,27,33,31,21,27,6,9.33,9338,4702,4027,4027,2011,1432,582,377,205,16,377
NYG,2017,21,28,20,18,21,6,8.44,8720,4391,3680,3680,1727,1559,594,373,221,14,373
NYG,2018,24,37,31,32,24,13,10.27,10116,4373,4405,4405,2200,1656,570,382,188,12,382
NYG,2019,34,46,35,12,34,11,9.39,9489,4889,4070,4064,1807,1690,590,376,214,17,376
NYG,2020,13,26,21,31,13,13,8.58,8153,3986,3336,3336,1264,1787,504,321,183,11,321
NYG,2021,18,26,17,29,18,8,8.03,8364,4367,3463,3463,1617,1697,569,351,218,20,351
NYG,2022,17,38,32,29,17,21,8.48,9128,3335,3431,3431,1698,2534,509,346,163,6,346
NYG,2023,17,28,24,23,17,10,7.74,8120,3787,3351,3351,1601,1881,500,338,162,12,338
NYJ,2012,16,33,30,21,16,13,7.75,7970,4397,3178,3178,1124,1901,472,272,200,19,272
NYJ,2013,19,31,27,33,19,12,8.27,8366,4326,3270,3270,1345,2164,457,266,191,22,266
NYJ,2014,19,31,23,32,19,11,8.06,8438,4128,3206,3206,1506,2249,480,287,193,15,287
NYJ,2015,34,49,42,27,34,11,9.52,10106,5545,4170,4170,1889,1879,588,362,226,16,362
NYJ,2016,19,32,24,27,19,11,8.93,8915,4902,3645,3641,1599,1798,525,311,214,25,311
NYJ,2017,20,35,29,25,20,14,8.7,8412,3941,3501,3511,1536,1717,493,323,170,12,323
NYJ,2018,21,33,30,33,21,11,8.56,8201,4637,3404,3404,1586,1632,503,299,204,19,299
NYJ,2019,21,28,23,19,21,6,8.3,7844,4213,3443,3455,1753,1272,503,323,180,16,323
NYJ,2020,19,28,20,21,19,9,8.09,7603,4247,3115,3115,1516,1690,482,292,190,14,292
NYJ,2021,20,35,23,21,20,14,8.83,9144,4350,3959,3919,1957,1676,582,357,225,20,357
NYJ,2022,15,30,28,30,15,13,8.9,9466,5173,4040,4047,1843,1696,613,357,256,14,357
NYJ,2023,13,21,16,36,13,7,7.58,7950,4000,3373,3373,1782,1652,583,356,227,15,356
PHI,2012,23,36,25,27,23,12,9.08,9732,5281,4075,4060,1829,1881,599,367,232,15,367
PHI,2013,33,55,45,23,33,20,10.68,11110,4996,4406,4408,2040,2576,499,310,189,9,310
PHI,2014,29,49,54,32,29,17,9.87,10941,5585,4581,4581,2105,2004,599,384,215,21,384
PHI,2015,25,42,42,21,25,16,9.35,10179,4245,4341,4337,2251,1755,604,405,199,18,405
PHI,2016,16,35,30,35,16,16,8.59,9218,4552,3798,3798,1768,1827,593,380,213,14,380
PHI,2017,40,51,40,29,40,10,9.28,9847,5280,3967,3967,1550,2133,555,341,214,9,341
PHI,2018,30,42,33,26,30,12,10.11,10393,4458,4524,4527,2151,1581,584,422,162,11,422
PHI,2019,27,43,35,22,27,16,8.97,9850,4917,4063,4063,1820,1950,604,391,213,8,391
PHI,2020,23,40,24,14,23,17,8.47,9102,5318,3728,3728,1504,2033,576,334,242,20,334
PHI,2021,21,46,44,30,21,25,9.12,9726,4230,3585,3585,1729,2727,482,307,175,10,307
PHI,2022,28,60,53,22,28,32,9.97,11019,4442,4364,4378,2053,2532,526,350,176,9,350
PHI,2023,26,48,45,30,26,22,9.15,10103,4844,4067,4067,1786,2200,547,369,178,16,369
PIT,2012,30,40,34,28,30,9,9.25,9347,4949,4012,4010,1846,1548,554,354,200,14,354
PIT,2013,30,39,39,30,30,9,9.58,9666,4958,4306,4252,2005,1395,566,377,189,14,377
PIT,2014,33,44,45,29,33,10,11.12,11612,5230,4997,5013,2297,1768,593,411,182,10,411
PIT,2015,26,42,32,35,26,16,11.2,11193,5889,4822,4832,1950,1744,567,391,176,21,391
PIT,2016,33,47,37,24,33,13,10.2,10361,5180,4377,4377,1983,1776,577,381,196,15,381
PIT,2017,31,44,37,35,31,12,10.3,10614,5242,4534,4534,2189,1696,571,384,187,15,384
PIT,2018,36,53,44,16,36,16,11.1,11609,5327,5174,5131,2777,1462,669,459,210,17,459
PIT,2019,18,27,28,29,18,9,8.28,7655,4026,3214,3210,1747,1464,491,315,176,19,315
PIT,2020,36,48,41,23,36,12,9.25,9496,4652,4129,4115,2054,1374,645,428,217,11,428
PIT,2021,24,34,27,36,24,10,8.52,9383,4425,4017,4005,2042,1596,650,425,225,11,425
PIT,2022,13,29,26,34,13,16,8.33,9173,4708,3661,3671,1438,2085,555,364,191,14,364
PIT,2023,13,29,27,29,13,16,8.55,8616,3785,3421,3414,1738,2037,495,323,172,9,323
SEA,2012,29,47,46,24,29,16,9.22,8855,4064,3234,3228,1271,2596,395,259,136,10,259
SEA,2013,27,43,44,34,27,15,9.39,8954,3995,3508,3508,1517,2210,409,267,142,9,267
SEA,2014,20,42,41,31,20,20,9.5,9524,3715,3492,3492,1881,2782,446,287,159,7,287
SEA,2015,35,48,40,29,35,11,10.0,10147,4144,4061,4063,1851,2292,479,333,146,8,333
SEA,2016,23,36,29,33,23,13,10.2,10159,4849,4422,4422,1837,1611,553,368,185,12,368
SEA,2017,35,40,37,21,35,4,9.34,9286,5429,3979,3979,1609,1629,539,340,199,12,340
SEA,2018,37,53,48,22,37,15,9.22,9122,3832,3448,3448,1385,2572,412,280,132,7,280
SEA,2019,35,52,40,23,35,16,9.81,10118,4863,4110,4110,1723,2215,508,341,167,6,341
SEA,2020,41,56,49,24,41,15,10.12,10176,4834,4245,4245,1841,1988,549,388,161,13,388
SEA,2021,31,50,44,17,31,18,9.85,9330,4619,3815,3815,1743,2081,487,324,163,7,324
SEA,2022,31,44,41,34,31,13,9.94,10270,4319,4282,4282,1780,2054,560,399,161,12,399
SEA,2023,23,34,33,35,23,11,9.83,9672,4121,4167,4167,2019,1591,559,371,188,12,371
SF,2012,23,44,44,30,23,19,9.81,9359,3814,3551,3551,1480,2510,428,289,139,8,289
SF,2013,21,40,44,32,21,18,8.89,8405,3950,3210,3210,1339,2216,409,244,165,8,244
SF,2014,22,34,33,25,22,10,8.71,8662,4737,3407,3407,1393,2192,477,292,185,10,292
SF,2015,18,25,20,24,18,7,8.87,8518,3902,3646,3646,1923,1554,514,322,192,12,322
SF,2016,21,37,33,18,21,16,8.2,8108,4013,3166,3166,1470,2029,480,287,193,10,287
SF,2017,16,32,28,39,16,15,9.4,9832,4810,4235,4235,1910,1672,589,362,227,15,362
SF,2018,30,38,27,33,30,7,10.11,10035,3807,4247,4247,2316,1917,508,331,177,20,331
SF,2019,30,54,49,30,30,23,10.19,10149,3126,4029,4029,2192,2324,463,331,132,13,331
SF,2020,28,48,38,22,28,20,9.86,10250,3770,4320,4317,2294,1898,552,371,181,17,371
SF,2021,26,48,42,27,26,22,10.5,10835,4004,4437,4429,2246,2177,497,343,154,14,343
SF,2022,30,52,51,28,30,21,9.98,10283,3484,4049,4049,2236,2378,503,338,165,9,338
SF,2023,34,61,60,21,34,27,11.42,11374,4019,4577,4577,2189,2413,475,336,139,12,336
TB,2012,30,44,39,28,30,13,9.98,9990,5680,4144,4144,1656,1861,547,311,236,17,311
TB,2013,23,30,31,23,23,6,7.87,7646,4714,3181,3181,1136,1645,502,291,211,12,291
TB,2014,23,31,31,20,23,7,8.92,8295,5488,3623,3623,1154,1375,506,301,205,20,301
TB,2015,25,37,31,29,25,12,10.01,10081,5340,4042,4047,1481,2180,518,312,206,15,312
TB,2016,31,39,32,22,31,8,9.21,9735,5819,4165,4165,1404,1636,560,355,205,18,355
TB,2017,27,37,28,25,27,8,10.12,10440,6172,4607,4613,1648,1457,588,378,210,14,378
TB,2018,40,52,40,20,40,12,11.46,12017,6642,5358,5358,1769,1532,598,408,190,26,408
TB,2019,40,55,43,27,40,15,10.74,11516,6493,5127,5127,1898,1534,598,382,216,30,382
TB,2020,44,61,52,28,44,16,11.03,10935,5637,4776,4776,1890,1533,610,410,200,12,410
TB,2021,45,63,56,25,45,18,10.97,12302,5911,5383,5383,2573,1688,717,492,225,12,492
TB,2022,26,31,24,31,26,5,9.29,10643,5162,4746,4732,2335,1321,738,499,239,10,499
TB,2023,28,36,33,29,28,8,9.13,9388,4865,4044,4044,1927,1530,558,364,194,10,364
TEN,2012,22,35,35,25,22,10,9.05,8605,4783,3577,3585,1405,1695,524,318,206,16,318
TEN,2013,24,40,41,25,24,16,8.95,9112,4799,3710,3710,1661,1906,513,328,185,16,328
TEN,2014,22,28,27,19,22,6,9.47,8567,4701,3738,3695,1628,1460,494,299,195,16,299
TEN,2015,29,41,29,14,29,11,9.16,8892,4858,3893,3893,1619,1492,530,342,188,17,342
TEN,2016,33,53,39,22,33,18,9.5,9462,4750,3720,3720,1321,2201,488,307,181,11,307
TEN,2017,17,36,31,35,17,19,8.78,8431,4375,3394,3394,1298,1846,478,306,172,17,306
TEN,2018,17,33,28,26,17,15,8.88,8262,3265,3255,3255,1648,2032,425,293,132,12,293
TEN,2019,29,50,50,8,29,21,10.54,9780,3898,3956,3956,1836,2240,435,297,138,8,297
TEN,2020,34,62,51,20,34,26,9.95,10192,4059,3826,3826,1529,2705,478,316,162,7,316
TEN,2021,23,46,43,26,23,23,8.57,9586,4004,3745,3745,1772,2419,520,359,161,14,359
TEN,2022,19,35,32,20,19,16,8.46,8287,3567,3227,3227,1541,2144,444,285,159,11,285
TEN,2023,16,33,28,29,16,16,8.58,8442,4570,3512,3512,1596,1861,479,304,175,11,304
WAS,2012,24,49,50,24,24,24,9.98,9810,3805,3666,3666,1643,2720,432,291,141,8,291
WAS,2013,22,40,33,21,22,14,9.02,9979,5193,4057,4057,1843,2167,589,355,234,19,355
WAS,2014,22,39,31,24,22,15,10.19,10205,4223,4461,4461,2543,1697,529,364,165,18,364
WAS,2015,32,44,40,26,32,9,9.97,9971,4459,4294,4294,1956,1578,544,386,158,11,386
WAS,2016,28,45,36,34,28,17,11.45,11413,5298,4948,4946,1969,1709,592,407,185,12,407
WAS,2017,31,42,36,24,31,10,9.56,9302,4153,4093,4093,2140,1458,527,347,180,13,347
WAS,2018,19,32,25,26,19,12,8.44,8090,4195,3287,3283,1511,1782,490,311,179,15,311
WAS,2019,21,31,21,25,21,9,8.61,7607,3640,3205,3205,1454,1588,463,298,165,13,298
WAS,2020,17,35,30,27,17,18,8.55,8898,3711,3796,3796,2187,1637,585,389,196,16,389
WAS,2021,23,38,25,28,23,13,8.69,9261,4118,3746,3746,1898,2070,532,356,176,15,356
WAS,2022,26,35,24,25,26,9,8.29,9413,4453,3783,3783,1673,2154,536,344,192,16,344
WAS,2023,29,44,32,19,29,15,8.96,9501,4767,4174,4174,2092,1596,615,407,208,21,407
